<Anims>
 <anim name="BUILD" root="swap_teleportstaff" numframes="1000" framerate="40">
  <frame idx="0" w="323" h="588" x="-16.470196" y="-133.093521">
   <element name="swap_teleportstaff" layername="swap_teleportstaff" frame="0" z_index="1" m_a="1.218936" m_b="0.000000" m_c="0.000000" m_d="1.128938" m_tx="3.249371" m_ty="-6.418803"/>
  </frame>
  <frame idx="25" w="323" h="588" x="-16.470196" y="-133.093521">
   <element name="swap_teleportstaff" layername="swap_teleportstaff" frame="0" z_index="1" m_a="1.218936" m_b="0.000000" m_c="0.000000" m_d="1.128938" m_tx="3.249371" m_ty="-6.418803"/>
  </frame>
  <frame idx="50" w="323" h="588" x="-16.470196" y="-133.093521">
   <element name="swap_teleportstaff" layername="swap_teleportstaff" frame="0" z_index="1" m_a="1.218936" m_b="0.000000" m_c="0.000000" m_d="1.128938" m_tx="3.249371" m_ty="-6.418803"/>
  </frame>
  <frame idx="75" w="323" h="588" x="-16.470196" y="-133.093521">
   <element name="swap_teleportstaff" layername="swap_teleportstaff" frame="0" z_index="1" m_a="1.218936" m_b="0.000000" m_c="0.000000" m_d="1.128938" m_tx="3.249371" m_ty="-6.418803"/>
  </frame>
  <frame idx="100" w="323" h="588" x="-16.470196" y="-133.093521">
   <element name="swap_teleportstaff" layername="swap_teleportstaff" frame="0" z_index="1" m_a="1.218936" m_b="0.000000" m_c="0.000000" m_d="1.128938" m_tx="3.249371" m_ty="-6.418803"/>
  </frame>
  <frame idx="125" w="323" h="588" x="-16.470196" y="-133.093521">
   <element name="swap_teleportstaff" layername="swap_teleportstaff" frame="0" z_index="1" m_a="1.218936" m_b="0.000000" m_c="0.000000" m_d="1.128938" m_tx="3.249371" m_ty="-6.418803"/>
  </frame>
  <frame idx="150" w="323" h="588" x="-16.470196" y="-133.093521">
   <element name="swap_teleportstaff" layername="swap_teleportstaff" frame="0" z_index="1" m_a="1.218936" m_b="0.000000" m_c="0.000000" m_d="1.128938" m_tx="3.249371" m_ty="-6.418803"/>
  </frame>
  <frame idx="175" w="323" h="588" x="-16.470196" y="-133.093521">
   <element name="swap_teleportstaff" layername="swap_teleportstaff" frame="0" z_index="1" m_a="1.218936" m_b="0.000000" m_c="0.000000" m_d="1.128938" m_tx="3.249371" m_ty="-6.418803"/>
  </frame>
  <frame idx="200" w="323" h="588" x="-16.470196" y="-133.093521">
   <element name="swap_teleportstaff" layername="swap_teleportstaff" frame="0" z_index="1" m_a="1.218936" m_b="0.000000" m_c="0.000000" m_d="1.128938" m_tx="3.249371" m_ty="-6.418803"/>
  </frame>
  <frame idx="225" w="323" h="588" x="-16.470196" y="-133.093521">
   <element name="swap_teleportstaff" layername="swap_teleportstaff" frame="0" z_index="1" m_a="1.218936" m_b="0.000000" m_c="0.000000" m_d="1.128938" m_tx="3.249371" m_ty="-6.418803"/>
  </frame>
  <frame idx="250" w="323" h="588" x="-16.470196" y="-133.093521">
   <element name="swap_teleportstaff" layername="swap_teleportstaff" frame="0" z_index="1" m_a="1.218936" m_b="0.000000" m_c="0.000000" m_d="1.128938" m_tx="3.249371" m_ty="-6.418803"/>
  </frame>
  <frame idx="275" w="323" h="588" x="-16.470196" y="-133.093521">
   <element name="swap_teleportstaff" layername="swap_teleportstaff" frame="0" z_index="1" m_a="1.218936" m_b="0.000000" m_c="0.000000" m_d="1.128938" m_tx="3.249371" m_ty="-6.418803"/>
  </frame>
  <frame idx="300" w="323" h="588" x="-16.470196" y="-133.093521">
   <element name="swap_teleportstaff" layername="swap_teleportstaff" frame="0" z_index="1" m_a="1.218936" m_b="0.000000" m_c="0.000000" m_d="1.128938" m_tx="3.249371" m_ty="-6.418803"/>
  </frame>
  <frame idx="325" w="323" h="588" x="-16.470196" y="-133.093521">
   <element name="swap_teleportstaff" layername="swap_teleportstaff" frame="0" z_index="1" m_a="1.218936" m_b="0.000000" m_c="0.000000" m_d="1.128938" m_tx="3.249371" m_ty="-6.418803"/>
  </frame>
  <frame idx="350" w="323" h="588" x="-16.470196" y="-133.093521">
   <element name="swap_teleportstaff" layername="swap_teleportstaff" frame="0" z_index="1" m_a="1.218936" m_b="0.000000" m_c="0.000000" m_d="1.128938" m_tx="3.249371" m_ty="-6.418803"/>
  </frame>
  <frame idx="375" w="323" h="588" x="-16.470196" y="-133.093521">
   <element name="swap_teleportstaff" layername="swap_teleportstaff" frame="0" z_index="1" m_a="1.218936" m_b="0.000000" m_c="0.000000" m_d="1.128938" m_tx="3.249371" m_ty="-6.418803"/>
  </frame>
  <frame idx="400" w="323" h="588" x="-16.470196" y="-133.093521">
   <element name="swap_teleportstaff" layername="swap_teleportstaff" frame="0" z_index="1" m_a="1.218936" m_b="0.000000" m_c="0.000000" m_d="1.128938" m_tx="3.249371" m_ty="-6.418803"/>
  </frame>
  <frame idx="425" w="323" h="588" x="-16.470196" y="-133.093521">
   <element name="swap_teleportstaff" layername="swap_teleportstaff" frame="0" z_index="1" m_a="1.218936" m_b="0.000000" m_c="0.000000" m_d="1.128938" m_tx="3.249371" m_ty="-6.418803"/>
  </frame>
  <frame idx="450" w="323" h="588" x="-16.470196" y="-133.093521">
   <element name="swap_teleportstaff" layername="swap_teleportstaff" frame="0" z_index="1" m_a="1.218936" m_b="0.000000" m_c="0.000000" m_d="1.128938" m_tx="3.249371" m_ty="-6.418803"/>
  </frame>
  <frame idx="475" w="323" h="588" x="-16.470196" y="-133.093521">
   <element name="swap_teleportstaff" layername="swap_teleportstaff" frame="0" z_index="1" m_a="1.218936" m_b="0.000000" m_c="0.000000" m_d="1.128938" m_tx="3.249371" m_ty="-6.418803"/>
  </frame>
  <frame idx="500" w="323" h="588" x="-16.470196" y="-133.093521">
   <element name="swap_teleportstaff" layername="swap_teleportstaff" frame="0" z_index="1" m_a="1.218936" m_b="0.000000" m_c="0.000000" m_d="1.128938" m_tx="3.249371" m_ty="-6.418803"/>
  </frame>
  <frame idx="525" w="323" h="588" x="-16.470196" y="-133.093521">
   <element name="swap_teleportstaff" layername="swap_teleportstaff" frame="0" z_index="1" m_a="1.218936" m_b="0.000000" m_c="0.000000" m_d="1.128938" m_tx="3.249371" m_ty="-6.418803"/>
  </frame>
  <frame idx="550" w="323" h="588" x="-16.470196" y="-133.093521">
   <element name="swap_teleportstaff" layername="swap_teleportstaff" frame="0" z_index="1" m_a="1.218936" m_b="0.000000" m_c="0.000000" m_d="1.128938" m_tx="3.249371" m_ty="-6.418803"/>
  </frame>
  <frame idx="575" w="323" h="588" x="-16.470196" y="-133.093521">
   <element name="swap_teleportstaff" layername="swap_teleportstaff" frame="0" z_index="1" m_a="1.218936" m_b="0.000000" m_c="0.000000" m_d="1.128938" m_tx="3.249371" m_ty="-6.418803"/>
  </frame>
  <frame idx="600" w="323" h="588" x="-16.470196" y="-133.093521">
   <element name="swap_teleportstaff" layername="swap_teleportstaff" frame="0" z_index="1" m_a="1.218936" m_b="0.000000" m_c="0.000000" m_d="1.128938" m_tx="3.249371" m_ty="-6.418803"/>
  </frame>
  <frame idx="625" w="323" h="588" x="-16.470196" y="-133.093521">
   <element name="swap_teleportstaff" layername="swap_teleportstaff" frame="0" z_index="1" m_a="1.218936" m_b="0.000000" m_c="0.000000" m_d="1.128938" m_tx="3.249371" m_ty="-6.418803"/>
  </frame>
  <frame idx="650" w="323" h="588" x="-16.470196" y="-133.093521">
   <element name="swap_teleportstaff" layername="swap_teleportstaff" frame="0" z_index="1" m_a="1.218936" m_b="0.000000" m_c="0.000000" m_d="1.128938" m_tx="3.249371" m_ty="-6.418803"/>
  </frame>
  <frame idx="675" w="323" h="588" x="-16.470196" y="-133.093521">
   <element name="swap_teleportstaff" layername="swap_teleportstaff" frame="0" z_index="1" m_a="1.218936" m_b="0.000000" m_c="0.000000" m_d="1.128938" m_tx="3.249371" m_ty="-6.418803"/>
  </frame>
  <frame idx="700" w="323" h="588" x="-16.470196" y="-133.093521">
   <element name="swap_teleportstaff" layername="swap_teleportstaff" frame="0" z_index="1" m_a="1.218936" m_b="0.000000" m_c="0.000000" m_d="1.128938" m_tx="3.249371" m_ty="-6.418803"/>
  </frame>
  <frame idx="725" w="323" h="588" x="-16.470196" y="-133.093521">
   <element name="swap_teleportstaff" layername="swap_teleportstaff" frame="0" z_index="1" m_a="1.218936" m_b="0.000000" m_c="0.000000" m_d="1.128938" m_tx="3.249371" m_ty="-6.418803"/>
  </frame>
  <frame idx="750" w="323" h="588" x="-16.470196" y="-133.093521">
   <element name="swap_teleportstaff" layername="swap_teleportstaff" frame="0" z_index="1" m_a="1.218936" m_b="0.000000" m_c="0.000000" m_d="1.128938" m_tx="3.249371" m_ty="-6.418803"/>
  </frame>
  <frame idx="775" w="323" h="588" x="-16.470196" y="-133.093521">
   <element name="swap_teleportstaff" layername="swap_teleportstaff" frame="0" z_index="1" m_a="1.218936" m_b="0.000000" m_c="0.000000" m_d="1.128938" m_tx="3.249371" m_ty="-6.418803"/>
  </frame>
  <frame idx="800" w="323" h="588" x="-16.470196" y="-133.093521">
   <element name="swap_teleportstaff" layername="swap_teleportstaff" frame="0" z_index="1" m_a="1.218936" m_b="0.000000" m_c="0.000000" m_d="1.128938" m_tx="3.249371" m_ty="-6.418803"/>
  </frame>
  <frame idx="825" w="323" h="588" x="-16.470196" y="-133.093521">
   <element name="swap_teleportstaff" layername="swap_teleportstaff" frame="0" z_index="1" m_a="1.218936" m_b="0.000000" m_c="0.000000" m_d="1.128938" m_tx="3.249371" m_ty="-6.418803"/>
  </frame>
  <frame idx="850" w="323" h="588" x="-16.470196" y="-133.093521">
   <element name="swap_teleportstaff" layername="swap_teleportstaff" frame="0" z_index="1" m_a="1.218936" m_b="0.000000" m_c="0.000000" m_d="1.128938" m_tx="3.249371" m_ty="-6.418803"/>
  </frame>
  <frame idx="875" w="323" h="588" x="-16.470196" y="-133.093521">
   <element name="swap_teleportstaff" layername="swap_teleportstaff" frame="0" z_index="1" m_a="1.218936" m_b="0.000000" m_c="0.000000" m_d="1.128938" m_tx="3.249371" m_ty="-6.418803"/>
  </frame>
  <frame idx="900" w="323" h="588" x="-16.470196" y="-133.093521">
   <element name="swap_teleportstaff" layername="swap_teleportstaff" frame="0" z_index="1" m_a="1.218936" m_b="0.000000" m_c="0.000000" m_d="1.128938" m_tx="3.249371" m_ty="-6.418803"/>
  </frame>
  <frame idx="925" w="323" h="588" x="-16.470196" y="-133.093521">
   <element name="swap_teleportstaff" layername="swap_teleportstaff" frame="0" z_index="1" m_a="1.218936" m_b="0.000000" m_c="0.000000" m_d="1.128938" m_tx="3.249371" m_ty="-6.418803"/>
  </frame>
  <frame idx="950" w="323" h="588" x="-16.470196" y="-133.093521">
   <element name="swap_teleportstaff" layername="swap_teleportstaff" frame="0" z_index="1" m_a="1.218936" m_b="0.000000" m_c="0.000000" m_d="1.128938" m_tx="3.249371" m_ty="-6.418803"/>
  </frame>
  <frame idx="975" w="323" h="588" x="-16.470196" y="-133.093521">
   <element name="swap_teleportstaff" layername="swap_teleportstaff" frame="0" z_index="1" m_a="1.218936" m_b="0.000000" m_c="0.000000" m_d="1.128938" m_tx="3.249371" m_ty="-6.418803"/>
  </frame>
 </anim>
</Anims>
