<Anims>
 <anim name="idle" root="halberd" numframes="1000" framerate="40">
  <frame idx="0" w="493" h="305" x="-40.129200" y="-98.193558">
   <element name="symbol0" layername="ground_halberd" frame="0" z_index="1" m_a="0.998732" m_b="-0.050334" m_c="0.050334" m_d="0.998732" m_tx="-203.409088" m_ty="-162.500000"/>
  </frame>
  <frame idx="25" w="493" h="305" x="-40.129200" y="-98.193558">
   <element name="symbol0" layername="ground_halberd" frame="0" z_index="1" m_a="0.998732" m_b="-0.050334" m_c="0.050334" m_d="0.998732" m_tx="-203.409088" m_ty="-162.500000"/>
  </frame>
  <frame idx="50" w="493" h="305" x="-40.129200" y="-98.193558">
   <element name="symbol0" layername="ground_halberd" frame="0" z_index="1" m_a="0.998732" m_b="-0.050334" m_c="0.050334" m_d="0.998732" m_tx="-203.409088" m_ty="-162.500000"/>
  </frame>
  <frame idx="75" w="493" h="305" x="-40.129200" y="-98.193558">
   <element name="symbol0" layername="ground_halberd" frame="0" z_index="1" m_a="0.998732" m_b="-0.050334" m_c="0.050334" m_d="0.998732" m_tx="-203.409088" m_ty="-162.500000"/>
  </frame>
  <frame idx="100" w="493" h="305" x="-40.129200" y="-98.193558">
   <element name="symbol0" layername="ground_halberd" frame="0" z_index="1" m_a="0.998732" m_b="-0.050334" m_c="0.050334" m_d="0.998732" m_tx="-203.409088" m_ty="-162.500000"/>
  </frame>
  <frame idx="125" w="493" h="305" x="-40.129200" y="-98.193558">
   <element name="symbol0" layername="ground_halberd" frame="0" z_index="1" m_a="0.998732" m_b="-0.050334" m_c="0.050334" m_d="0.998732" m_tx="-203.409088" m_ty="-162.500000"/>
  </frame>
  <frame idx="150" w="493" h="305" x="-40.129200" y="-98.193558">
   <element name="symbol0" layername="ground_halberd" frame="0" z_index="1" m_a="0.998732" m_b="-0.050334" m_c="0.050334" m_d="0.998732" m_tx="-203.409088" m_ty="-162.500000"/>
  </frame>
  <frame idx="175" w="493" h="305" x="-40.129200" y="-98.193558">
   <element name="symbol0" layername="ground_halberd" frame="0" z_index="1" m_a="0.998732" m_b="-0.050334" m_c="0.050334" m_d="0.998732" m_tx="-203.409088" m_ty="-162.500000"/>
  </frame>
  <frame idx="200" w="493" h="305" x="-40.129200" y="-98.193558">
   <element name="symbol0" layername="ground_halberd" frame="0" z_index="1" m_a="0.998732" m_b="-0.050334" m_c="0.050334" m_d="0.998732" m_tx="-203.409088" m_ty="-162.500000"/>
  </frame>
  <frame idx="225" w="493" h="305" x="-40.129200" y="-98.193558">
   <element name="symbol0" layername="ground_halberd" frame="0" z_index="1" m_a="0.998732" m_b="-0.050334" m_c="0.050334" m_d="0.998732" m_tx="-203.409088" m_ty="-162.500000"/>
  </frame>
  <frame idx="250" w="493" h="305" x="-40.129200" y="-98.193558">
   <element name="symbol0" layername="ground_halberd" frame="0" z_index="1" m_a="0.998732" m_b="-0.050334" m_c="0.050334" m_d="0.998732" m_tx="-203.409088" m_ty="-162.500000"/>
  </frame>
  <frame idx="275" w="493" h="305" x="-40.129200" y="-98.193558">
   <element name="symbol0" layername="ground_halberd" frame="0" z_index="1" m_a="0.998732" m_b="-0.050334" m_c="0.050334" m_d="0.998732" m_tx="-203.409088" m_ty="-162.500000"/>
  </frame>
  <frame idx="300" w="493" h="305" x="-40.129200" y="-98.193558">
   <element name="symbol0" layername="ground_halberd" frame="0" z_index="1" m_a="0.998732" m_b="-0.050334" m_c="0.050334" m_d="0.998732" m_tx="-203.409088" m_ty="-162.500000"/>
  </frame>
  <frame idx="325" w="493" h="305" x="-40.129200" y="-98.193558">
   <element name="symbol0" layername="ground_halberd" frame="0" z_index="1" m_a="0.998732" m_b="-0.050334" m_c="0.050334" m_d="0.998732" m_tx="-203.409088" m_ty="-162.500000"/>
  </frame>
  <frame idx="350" w="493" h="305" x="-40.129200" y="-98.193558">
   <element name="symbol0" layername="ground_halberd" frame="0" z_index="1" m_a="0.998732" m_b="-0.050334" m_c="0.050334" m_d="0.998732" m_tx="-203.409088" m_ty="-162.500000"/>
  </frame>
  <frame idx="375" w="493" h="305" x="-40.129200" y="-98.193558">
   <element name="symbol0" layername="ground_halberd" frame="0" z_index="1" m_a="0.998732" m_b="-0.050334" m_c="0.050334" m_d="0.998732" m_tx="-203.409088" m_ty="-162.500000"/>
  </frame>
  <frame idx="400" w="493" h="305" x="-40.129200" y="-98.193558">
   <element name="symbol0" layername="ground_halberd" frame="0" z_index="1" m_a="0.998732" m_b="-0.050334" m_c="0.050334" m_d="0.998732" m_tx="-203.409088" m_ty="-162.500000"/>
  </frame>
  <frame idx="425" w="493" h="305" x="-40.129200" y="-98.193558">
   <element name="symbol0" layername="ground_halberd" frame="0" z_index="1" m_a="0.998732" m_b="-0.050334" m_c="0.050334" m_d="0.998732" m_tx="-203.409088" m_ty="-162.500000"/>
  </frame>
  <frame idx="450" w="493" h="305" x="-40.129200" y="-98.193558">
   <element name="symbol0" layername="ground_halberd" frame="0" z_index="1" m_a="0.998732" m_b="-0.050334" m_c="0.050334" m_d="0.998732" m_tx="-203.409088" m_ty="-162.500000"/>
  </frame>
  <frame idx="475" w="493" h="305" x="-40.129200" y="-98.193558">
   <element name="symbol0" layername="ground_halberd" frame="0" z_index="1" m_a="0.998732" m_b="-0.050334" m_c="0.050334" m_d="0.998732" m_tx="-203.409088" m_ty="-162.500000"/>
  </frame>
  <frame idx="500" w="493" h="305" x="-40.129200" y="-98.193558">
   <element name="symbol0" layername="ground_halberd" frame="0" z_index="1" m_a="0.998732" m_b="-0.050334" m_c="0.050334" m_d="0.998732" m_tx="-203.409088" m_ty="-162.500000"/>
  </frame>
  <frame idx="525" w="493" h="305" x="-40.129200" y="-98.193558">
   <element name="symbol0" layername="ground_halberd" frame="0" z_index="1" m_a="0.998732" m_b="-0.050334" m_c="0.050334" m_d="0.998732" m_tx="-203.409088" m_ty="-162.500000"/>
  </frame>
  <frame idx="550" w="493" h="305" x="-40.129200" y="-98.193558">
   <element name="symbol0" layername="ground_halberd" frame="0" z_index="1" m_a="0.998732" m_b="-0.050334" m_c="0.050334" m_d="0.998732" m_tx="-203.409088" m_ty="-162.500000"/>
  </frame>
  <frame idx="575" w="493" h="305" x="-40.129200" y="-98.193558">
   <element name="symbol0" layername="ground_halberd" frame="0" z_index="1" m_a="0.998732" m_b="-0.050334" m_c="0.050334" m_d="0.998732" m_tx="-203.409088" m_ty="-162.500000"/>
  </frame>
  <frame idx="600" w="493" h="305" x="-40.129200" y="-98.193558">
   <element name="symbol0" layername="ground_halberd" frame="0" z_index="1" m_a="0.998732" m_b="-0.050334" m_c="0.050334" m_d="0.998732" m_tx="-203.409088" m_ty="-162.500000"/>
  </frame>
  <frame idx="625" w="493" h="305" x="-40.129200" y="-98.193558">
   <element name="symbol0" layername="ground_halberd" frame="0" z_index="1" m_a="0.998732" m_b="-0.050334" m_c="0.050334" m_d="0.998732" m_tx="-203.409088" m_ty="-162.500000"/>
  </frame>
  <frame idx="650" w="493" h="305" x="-40.129200" y="-98.193558">
   <element name="symbol0" layername="ground_halberd" frame="0" z_index="1" m_a="0.998732" m_b="-0.050334" m_c="0.050334" m_d="0.998732" m_tx="-203.409088" m_ty="-162.500000"/>
  </frame>
  <frame idx="675" w="493" h="305" x="-40.129200" y="-98.193558">
   <element name="symbol0" layername="ground_halberd" frame="0" z_index="1" m_a="0.998732" m_b="-0.050334" m_c="0.050334" m_d="0.998732" m_tx="-203.409088" m_ty="-162.500000"/>
  </frame>
  <frame idx="700" w="493" h="305" x="-40.129200" y="-98.193558">
   <element name="symbol0" layername="ground_halberd" frame="0" z_index="1" m_a="0.998732" m_b="-0.050334" m_c="0.050334" m_d="0.998732" m_tx="-203.409088" m_ty="-162.500000"/>
  </frame>
  <frame idx="725" w="493" h="305" x="-40.129200" y="-98.193558">
   <element name="symbol0" layername="ground_halberd" frame="0" z_index="1" m_a="0.998732" m_b="-0.050334" m_c="0.050334" m_d="0.998732" m_tx="-203.409088" m_ty="-162.500000"/>
  </frame>
  <frame idx="750" w="493" h="305" x="-40.129200" y="-98.193558">
   <element name="symbol0" layername="ground_halberd" frame="0" z_index="1" m_a="0.998732" m_b="-0.050334" m_c="0.050334" m_d="0.998732" m_tx="-203.409088" m_ty="-162.500000"/>
  </frame>
  <frame idx="775" w="493" h="305" x="-40.129200" y="-98.193558">
   <element name="symbol0" layername="ground_halberd" frame="0" z_index="1" m_a="0.998732" m_b="-0.050334" m_c="0.050334" m_d="0.998732" m_tx="-203.409088" m_ty="-162.500000"/>
  </frame>
  <frame idx="800" w="493" h="305" x="-40.129200" y="-98.193558">
   <element name="symbol0" layername="ground_halberd" frame="0" z_index="1" m_a="0.998732" m_b="-0.050334" m_c="0.050334" m_d="0.998732" m_tx="-203.409088" m_ty="-162.500000"/>
  </frame>
  <frame idx="825" w="493" h="305" x="-40.129200" y="-98.193558">
   <element name="symbol0" layername="ground_halberd" frame="0" z_index="1" m_a="0.998732" m_b="-0.050334" m_c="0.050334" m_d="0.998732" m_tx="-203.409088" m_ty="-162.500000"/>
  </frame>
  <frame idx="850" w="493" h="305" x="-40.129200" y="-98.193558">
   <element name="symbol0" layername="ground_halberd" frame="0" z_index="1" m_a="0.998732" m_b="-0.050334" m_c="0.050334" m_d="0.998732" m_tx="-203.409088" m_ty="-162.500000"/>
  </frame>
  <frame idx="875" w="493" h="305" x="-40.129200" y="-98.193558">
   <element name="symbol0" layername="ground_halberd" frame="0" z_index="1" m_a="0.998732" m_b="-0.050334" m_c="0.050334" m_d="0.998732" m_tx="-203.409088" m_ty="-162.500000"/>
  </frame>
  <frame idx="900" w="493" h="305" x="-40.129200" y="-98.193558">
   <element name="symbol0" layername="ground_halberd" frame="0" z_index="1" m_a="0.998732" m_b="-0.050334" m_c="0.050334" m_d="0.998732" m_tx="-203.409088" m_ty="-162.500000"/>
  </frame>
  <frame idx="925" w="493" h="305" x="-40.129200" y="-98.193558">
   <element name="symbol0" layername="ground_halberd" frame="0" z_index="1" m_a="0.998732" m_b="-0.050334" m_c="0.050334" m_d="0.998732" m_tx="-203.409088" m_ty="-162.500000"/>
  </frame>
  <frame idx="950" w="493" h="305" x="-40.129200" y="-98.193558">
   <element name="symbol0" layername="ground_halberd" frame="0" z_index="1" m_a="0.998732" m_b="-0.050334" m_c="0.050334" m_d="0.998732" m_tx="-203.409088" m_ty="-162.500000"/>
  </frame>
  <frame idx="975" w="493" h="305" x="-40.129200" y="-98.193558">
   <element name="symbol0" layername="ground_halberd" frame="0" z_index="1" m_a="0.998732" m_b="-0.050334" m_c="0.050334" m_d="0.998732" m_tx="-203.409088" m_ty="-162.500000"/>
  </frame>
 </anim>
</Anims>
