<Anims>
 <anim name="idle" root="poseidon" numframes="2000" framerate="40">
  <frame idx="0" w="401" h="387" x="-358.617828" y="-101.068520">
   <element name="symbol0" layername="ground_poseidon" frame="0" z_index="1" m_a="0.071726" m_b="0.997424" m_c="-0.997424" m_d="0.071726" m_tx="174.860458" m_ty="-190.837204"/>
  </frame>
  <frame idx="25" w="401" h="387" x="-358.617828" y="-100.806892">
   <element name="symbol0" layername="ground_poseidon" frame="0" z_index="1" m_a="0.071726" m_b="0.997424" m_c="-0.997424" m_d="0.071726" m_tx="174.860458" m_ty="-190.575577"/>
  </frame>
  <frame idx="50" w="401" h="386" x="-358.617828" y="-100.545265">
   <element name="symbol0" layername="ground_poseidon" frame="0" z_index="1" m_a="0.071726" m_b="0.997424" m_c="-0.997424" m_d="0.071726" m_tx="174.860458" m_ty="-190.313950"/>
  </frame>
  <frame idx="75" w="401" h="386" x="-358.617828" y="-100.283638">
   <element name="symbol0" layername="ground_poseidon" frame="0" z_index="1" m_a="0.071726" m_b="0.997424" m_c="-0.997424" m_d="0.071726" m_tx="174.860458" m_ty="-190.052322"/>
  </frame>
  <frame idx="100" w="401" h="386" x="-358.617828" y="-100.022011">
   <element name="symbol0" layername="ground_poseidon" frame="0" z_index="1" m_a="0.071726" m_b="0.997424" m_c="-0.997424" m_d="0.071726" m_tx="174.860458" m_ty="-189.790695"/>
  </frame>
  <frame idx="125" w="401" h="384" x="-358.617828" y="-99.260384">
   <element name="symbol0" layername="ground_poseidon" frame="0" z_index="1" m_a="0.071726" m_b="0.997424" m_c="-0.997424" m_d="0.071726" m_tx="174.860458" m_ty="-189.529068"/>
  </frame>
  <frame idx="150" w="401" h="384" x="-358.617828" y="-98.998756">
   <element name="symbol0" layername="ground_poseidon" frame="0" z_index="1" m_a="0.071726" m_b="0.997424" m_c="-0.997424" m_d="0.071726" m_tx="174.860458" m_ty="-189.267441"/>
  </frame>
  <frame idx="175" w="401" h="384" x="-358.617828" y="-98.737129">
   <element name="symbol0" layername="ground_poseidon" frame="0" z_index="1" m_a="0.071726" m_b="0.997424" m_c="-0.997424" m_d="0.071726" m_tx="174.860458" m_ty="-189.005814"/>
  </frame>
  <frame idx="200" w="401" h="384" x="-358.617828" y="-98.475502">
   <element name="symbol0" layername="ground_poseidon" frame="0" z_index="1" m_a="0.071726" m_b="0.997424" m_c="-0.997424" m_d="0.071726" m_tx="174.860458" m_ty="-188.744186"/>
  </frame>
  <frame idx="225" w="401" h="383" x="-358.617828" y="-98.213875">
   <element name="symbol0" layername="ground_poseidon" frame="0" z_index="1" m_a="0.071726" m_b="0.997424" m_c="-0.997424" m_d="0.071726" m_tx="174.860458" m_ty="-188.482559"/>
  </frame>
  <frame idx="250" w="401" h="383" x="-358.617828" y="-97.952232">
   <element name="symbol0" layername="ground_poseidon" frame="0" z_index="1" m_a="0.071726" m_b="0.997424" m_c="-0.997424" m_d="0.071726" m_tx="174.860458" m_ty="-188.220917"/>
  </frame>
  <frame idx="275" w="401" h="383" x="-358.617828" y="-97.690605">
   <element name="symbol0" layername="ground_poseidon" frame="0" z_index="1" m_a="0.071726" m_b="0.997424" m_c="-0.997424" m_d="0.071726" m_tx="174.860458" m_ty="-187.959290"/>
  </frame>
  <frame idx="300" w="401" h="383" x="-358.617828" y="-97.428978">
   <element name="symbol0" layername="ground_poseidon" frame="0" z_index="1" m_a="0.071726" m_b="0.997424" m_c="-0.997424" m_d="0.071726" m_tx="174.860458" m_ty="-187.697662"/>
  </frame>
  <frame idx="325" w="401" h="382" x="-358.617828" y="-97.167351">
   <element name="symbol0" layername="ground_poseidon" frame="0" z_index="1" m_a="0.071726" m_b="0.997424" m_c="-0.997424" m_d="0.071726" m_tx="174.860458" m_ty="-187.436035"/>
  </frame>
  <frame idx="350" w="401" h="382" x="-358.617828" y="-96.905724">
   <element name="symbol0" layername="ground_poseidon" frame="0" z_index="1" m_a="0.071726" m_b="0.997424" m_c="-0.997424" m_d="0.071726" m_tx="174.860458" m_ty="-187.174408"/>
  </frame>
  <frame idx="375" w="401" h="382" x="-358.617828" y="-96.644096">
   <element name="symbol0" layername="ground_poseidon" frame="0" z_index="1" m_a="0.071726" m_b="0.997424" m_c="-0.997424" m_d="0.071726" m_tx="174.860458" m_ty="-186.912781"/>
  </frame>
  <frame idx="400" w="401" h="382" x="-358.617828" y="-96.382469">
   <element name="symbol0" layername="ground_poseidon" frame="0" z_index="1" m_a="0.071726" m_b="0.997424" m_c="-0.997424" m_d="0.071726" m_tx="174.860458" m_ty="-186.651154"/>
  </frame>
  <frame idx="425" w="401" h="381" x="-358.617828" y="-96.120842">
   <element name="symbol0" layername="ground_poseidon" frame="0" z_index="1" m_a="0.071726" m_b="0.997424" m_c="-0.997424" m_d="0.071726" m_tx="174.860458" m_ty="-186.389526"/>
  </frame>
  <frame idx="450" w="401" h="381" x="-358.617828" y="-95.859222">
   <element name="symbol0" layername="ground_poseidon" frame="0" z_index="1" m_a="0.071726" m_b="0.997424" m_c="-0.997424" m_d="0.071726" m_tx="174.860458" m_ty="-186.127899"/>
  </frame>
  <frame idx="475" w="401" h="381" x="-358.617828" y="-95.597595">
   <element name="symbol0" layername="ground_poseidon" frame="0" z_index="1" m_a="0.071726" m_b="0.997424" m_c="-0.997424" m_d="0.071726" m_tx="174.860458" m_ty="-185.866272"/>
  </frame>
  <frame idx="500" w="401" h="381" x="-358.617828" y="-95.335968">
   <element name="symbol0" layername="ground_poseidon" frame="0" z_index="1" m_a="0.071726" m_b="0.997424" m_c="-0.997424" m_d="0.071726" m_tx="174.860458" m_ty="-185.604645"/>
  </frame>
  <frame idx="525" w="401" h="380" x="-358.617828" y="-95.074341">
   <element name="symbol0" layername="ground_poseidon" frame="0" z_index="1" m_a="0.071726" m_b="0.997424" m_c="-0.997424" m_d="0.071726" m_tx="174.860458" m_ty="-185.343018"/>
  </frame>
  <frame idx="550" w="401" h="380" x="-358.617828" y="-94.812714">
   <element name="symbol0" layername="ground_poseidon" frame="0" z_index="1" m_a="0.071726" m_b="0.997424" m_c="-0.997424" m_d="0.071726" m_tx="174.860458" m_ty="-185.081390"/>
  </frame>
  <frame idx="575" w="401" h="380" x="-358.617828" y="-94.551086">
   <element name="symbol0" layername="ground_poseidon" frame="0" z_index="1" m_a="0.071726" m_b="0.997424" m_c="-0.997424" m_d="0.071726" m_tx="174.860458" m_ty="-184.819763"/>
  </frame>
  <frame idx="600" w="401" h="380" x="-358.617828" y="-94.289459">
   <element name="symbol0" layername="ground_poseidon" frame="0" z_index="1" m_a="0.071726" m_b="0.997424" m_c="-0.997424" m_d="0.071726" m_tx="174.860458" m_ty="-184.558136"/>
  </frame>
  <frame idx="625" w="401" h="378" x="-358.617828" y="-93.527832">
   <element name="symbol0" layername="ground_poseidon" frame="0" z_index="1" m_a="0.071726" m_b="0.997424" m_c="-0.997424" m_d="0.071726" m_tx="174.860458" m_ty="-184.296509"/>
  </frame>
  <frame idx="650" w="401" h="378" x="-358.617828" y="-93.266205">
   <element name="symbol0" layername="ground_poseidon" frame="0" z_index="1" m_a="0.071726" m_b="0.997424" m_c="-0.997424" m_d="0.071726" m_tx="174.860458" m_ty="-184.034882"/>
  </frame>
  <frame idx="675" w="401" h="378" x="-358.617828" y="-93.004578">
   <element name="symbol0" layername="ground_poseidon" frame="0" z_index="1" m_a="0.071726" m_b="0.997424" m_c="-0.997424" m_d="0.071726" m_tx="174.860458" m_ty="-183.773254"/>
  </frame>
  <frame idx="700" w="401" h="377" x="-358.617828" y="-92.742950">
   <element name="symbol0" layername="ground_poseidon" frame="0" z_index="1" m_a="0.071726" m_b="0.997424" m_c="-0.997424" m_d="0.071726" m_tx="174.860458" m_ty="-183.511627"/>
  </frame>
  <frame idx="725" w="401" h="377" x="-358.617828" y="-92.481323">
   <element name="symbol0" layername="ground_poseidon" frame="0" z_index="1" m_a="0.071726" m_b="0.997424" m_c="-0.997424" m_d="0.071726" m_tx="174.860458" m_ty="-183.250000"/>
  </frame>
  <frame idx="750" w="401" h="377" x="-358.617828" y="-92.219696">
   <element name="symbol0" layername="ground_poseidon" frame="0" z_index="1" m_a="0.071726" m_b="0.997424" m_c="-0.997424" m_d="0.071726" m_tx="174.860458" m_ty="-182.988373"/>
  </frame>
  <frame idx="775" w="401" h="377" x="-358.617828" y="-91.958054">
   <element name="symbol0" layername="ground_poseidon" frame="0" z_index="1" m_a="0.071726" m_b="0.997424" m_c="-0.997424" m_d="0.071726" m_tx="174.860458" m_ty="-182.726730"/>
  </frame>
  <frame idx="800" w="401" h="376" x="-358.617828" y="-91.696426">
   <element name="symbol0" layername="ground_poseidon" frame="0" z_index="1" m_a="0.071726" m_b="0.997424" m_c="-0.997424" m_d="0.071726" m_tx="174.860458" m_ty="-182.465103"/>
  </frame>
  <frame idx="825" w="401" h="376" x="-358.617828" y="-91.434799">
   <element name="symbol0" layername="ground_poseidon" frame="0" z_index="1" m_a="0.071726" m_b="0.997424" m_c="-0.997424" m_d="0.071726" m_tx="174.860458" m_ty="-182.203476"/>
  </frame>
  <frame idx="850" w="401" h="376" x="-358.617828" y="-91.173172">
   <element name="symbol0" layername="ground_poseidon" frame="0" z_index="1" m_a="0.071726" m_b="0.997424" m_c="-0.997424" m_d="0.071726" m_tx="174.860458" m_ty="-181.941849"/>
  </frame>
  <frame idx="875" w="401" h="376" x="-358.617828" y="-90.911545">
   <element name="symbol0" layername="ground_poseidon" frame="0" z_index="1" m_a="0.071726" m_b="0.997424" m_c="-0.997424" m_d="0.071726" m_tx="174.860458" m_ty="-181.680222"/>
  </frame>
  <frame idx="900" w="401" h="375" x="-358.617828" y="-90.649918">
   <element name="symbol0" layername="ground_poseidon" frame="0" z_index="1" m_a="0.071726" m_b="0.997424" m_c="-0.997424" m_d="0.071726" m_tx="174.860458" m_ty="-181.418594"/>
  </frame>
  <frame idx="925" w="401" h="375" x="-358.617828" y="-90.388290">
   <element name="symbol0" layername="ground_poseidon" frame="0" z_index="1" m_a="0.071726" m_b="0.997424" m_c="-0.997424" m_d="0.071726" m_tx="174.860458" m_ty="-181.156967"/>
  </frame>
  <frame idx="950" w="401" h="375" x="-358.617828" y="-90.126663">
   <element name="symbol0" layername="ground_poseidon" frame="0" z_index="1" m_a="0.071726" m_b="0.997424" m_c="-0.997424" m_d="0.071726" m_tx="174.860458" m_ty="-180.895340"/>
  </frame>
  <frame idx="975" w="401" h="375" x="-358.617828" y="-89.865036">
   <element name="symbol0" layername="ground_poseidon" frame="0" z_index="1" m_a="0.071726" m_b="0.997424" m_c="-0.997424" m_d="0.071726" m_tx="174.860458" m_ty="-180.633713"/>
  </frame>
  <frame idx="1000" w="401" h="374" x="-358.617828" y="-89.603409">
   <element name="symbol0" layername="ground_poseidon" frame="0" z_index="1" m_a="0.071726" m_b="0.997424" m_c="-0.997424" m_d="0.071726" m_tx="174.860458" m_ty="-180.372086"/>
  </frame>
  <frame idx="1025" w="401" h="375" x="-358.617828" y="-89.865036">
   <element name="symbol0" layername="ground_poseidon" frame="0" z_index="1" m_a="0.071726" m_b="0.997424" m_c="-0.997424" m_d="0.071726" m_tx="174.860458" m_ty="-180.633713"/>
  </frame>
  <frame idx="1050" w="401" h="375" x="-358.617828" y="-90.126663">
   <element name="symbol0" layername="ground_poseidon" frame="0" z_index="1" m_a="0.071726" m_b="0.997424" m_c="-0.997424" m_d="0.071726" m_tx="174.860458" m_ty="-180.895340"/>
  </frame>
  <frame idx="1075" w="401" h="375" x="-358.617828" y="-90.388290">
   <element name="symbol0" layername="ground_poseidon" frame="0" z_index="1" m_a="0.071726" m_b="0.997424" m_c="-0.997424" m_d="0.071726" m_tx="174.860458" m_ty="-181.156967"/>
  </frame>
  <frame idx="1100" w="401" h="375" x="-358.617828" y="-90.649918">
   <element name="symbol0" layername="ground_poseidon" frame="0" z_index="1" m_a="0.071726" m_b="0.997424" m_c="-0.997424" m_d="0.071726" m_tx="174.860458" m_ty="-181.418594"/>
  </frame>
  <frame idx="1125" w="401" h="376" x="-358.617828" y="-90.911545">
   <element name="symbol0" layername="ground_poseidon" frame="0" z_index="1" m_a="0.071726" m_b="0.997424" m_c="-0.997424" m_d="0.071726" m_tx="174.860458" m_ty="-181.680222"/>
  </frame>
  <frame idx="1150" w="401" h="376" x="-358.617828" y="-91.173172">
   <element name="symbol0" layername="ground_poseidon" frame="0" z_index="1" m_a="0.071726" m_b="0.997424" m_c="-0.997424" m_d="0.071726" m_tx="174.860458" m_ty="-181.941849"/>
  </frame>
  <frame idx="1175" w="401" h="376" x="-358.617828" y="-91.434799">
   <element name="symbol0" layername="ground_poseidon" frame="0" z_index="1" m_a="0.071726" m_b="0.997424" m_c="-0.997424" m_d="0.071726" m_tx="174.860458" m_ty="-182.203476"/>
  </frame>
  <frame idx="1200" w="401" h="376" x="-358.617828" y="-91.696426">
   <element name="symbol0" layername="ground_poseidon" frame="0" z_index="1" m_a="0.071726" m_b="0.997424" m_c="-0.997424" m_d="0.071726" m_tx="174.860458" m_ty="-182.465103"/>
  </frame>
  <frame idx="1225" w="401" h="377" x="-358.617828" y="-91.958054">
   <element name="symbol0" layername="ground_poseidon" frame="0" z_index="1" m_a="0.071726" m_b="0.997424" m_c="-0.997424" m_d="0.071726" m_tx="174.860458" m_ty="-182.726730"/>
  </frame>
  <frame idx="1250" w="401" h="377" x="-358.617828" y="-92.219696">
   <element name="symbol0" layername="ground_poseidon" frame="0" z_index="1" m_a="0.071726" m_b="0.997424" m_c="-0.997424" m_d="0.071726" m_tx="174.860458" m_ty="-182.988373"/>
  </frame>
  <frame idx="1275" w="401" h="377" x="-358.617828" y="-92.481323">
   <element name="symbol0" layername="ground_poseidon" frame="0" z_index="1" m_a="0.071726" m_b="0.997424" m_c="-0.997424" m_d="0.071726" m_tx="174.860458" m_ty="-183.250000"/>
  </frame>
  <frame idx="1300" w="401" h="377" x="-358.617828" y="-92.742950">
   <element name="symbol0" layername="ground_poseidon" frame="0" z_index="1" m_a="0.071726" m_b="0.997424" m_c="-0.997424" m_d="0.071726" m_tx="174.860458" m_ty="-183.511627"/>
  </frame>
  <frame idx="1325" w="401" h="378" x="-358.617828" y="-93.004578">
   <element name="symbol0" layername="ground_poseidon" frame="0" z_index="1" m_a="0.071726" m_b="0.997424" m_c="-0.997424" m_d="0.071726" m_tx="174.860458" m_ty="-183.773254"/>
  </frame>
  <frame idx="1350" w="401" h="378" x="-358.617828" y="-93.266205">
   <element name="symbol0" layername="ground_poseidon" frame="0" z_index="1" m_a="0.071726" m_b="0.997424" m_c="-0.997424" m_d="0.071726" m_tx="174.860458" m_ty="-184.034882"/>
  </frame>
  <frame idx="1375" w="401" h="378" x="-358.617828" y="-93.527832">
   <element name="symbol0" layername="ground_poseidon" frame="0" z_index="1" m_a="0.071726" m_b="0.997424" m_c="-0.997424" m_d="0.071726" m_tx="174.860458" m_ty="-184.296509"/>
  </frame>
  <frame idx="1400" w="401" h="380" x="-358.617828" y="-94.289459">
   <element name="symbol0" layername="ground_poseidon" frame="0" z_index="1" m_a="0.071726" m_b="0.997424" m_c="-0.997424" m_d="0.071726" m_tx="174.860458" m_ty="-184.558136"/>
  </frame>
  <frame idx="1425" w="401" h="380" x="-358.617828" y="-94.551086">
   <element name="symbol0" layername="ground_poseidon" frame="0" z_index="1" m_a="0.071726" m_b="0.997424" m_c="-0.997424" m_d="0.071726" m_tx="174.860458" m_ty="-184.819763"/>
  </frame>
  <frame idx="1450" w="401" h="380" x="-358.617828" y="-94.812714">
   <element name="symbol0" layername="ground_poseidon" frame="0" z_index="1" m_a="0.071726" m_b="0.997424" m_c="-0.997424" m_d="0.071726" m_tx="174.860458" m_ty="-185.081390"/>
  </frame>
  <frame idx="1475" w="401" h="380" x="-358.617828" y="-95.074341">
   <element name="symbol0" layername="ground_poseidon" frame="0" z_index="1" m_a="0.071726" m_b="0.997424" m_c="-0.997424" m_d="0.071726" m_tx="174.860458" m_ty="-185.343018"/>
  </frame>
  <frame idx="1500" w="401" h="381" x="-358.617828" y="-95.335968">
   <element name="symbol0" layername="ground_poseidon" frame="0" z_index="1" m_a="0.071726" m_b="0.997424" m_c="-0.997424" m_d="0.071726" m_tx="174.860458" m_ty="-185.604645"/>
  </frame>
  <frame idx="1525" w="401" h="381" x="-358.617828" y="-95.597595">
   <element name="symbol0" layername="ground_poseidon" frame="0" z_index="1" m_a="0.071726" m_b="0.997424" m_c="-0.997424" m_d="0.071726" m_tx="174.860458" m_ty="-185.866272"/>
  </frame>
  <frame idx="1550" w="401" h="381" x="-358.617828" y="-95.859222">
   <element name="symbol0" layername="ground_poseidon" frame="0" z_index="1" m_a="0.071726" m_b="0.997424" m_c="-0.997424" m_d="0.071726" m_tx="174.860458" m_ty="-186.127899"/>
  </frame>
  <frame idx="1575" w="401" h="381" x="-358.617828" y="-96.120842">
   <element name="symbol0" layername="ground_poseidon" frame="0" z_index="1" m_a="0.071726" m_b="0.997424" m_c="-0.997424" m_d="0.071726" m_tx="174.860458" m_ty="-186.389526"/>
  </frame>
  <frame idx="1600" w="401" h="382" x="-358.617828" y="-96.382469">
   <element name="symbol0" layername="ground_poseidon" frame="0" z_index="1" m_a="0.071726" m_b="0.997424" m_c="-0.997424" m_d="0.071726" m_tx="174.860458" m_ty="-186.651154"/>
  </frame>
  <frame idx="1625" w="401" h="382" x="-358.617828" y="-96.644096">
   <element name="symbol0" layername="ground_poseidon" frame="0" z_index="1" m_a="0.071726" m_b="0.997424" m_c="-0.997424" m_d="0.071726" m_tx="174.860458" m_ty="-186.912781"/>
  </frame>
  <frame idx="1650" w="401" h="382" x="-358.617828" y="-96.905724">
   <element name="symbol0" layername="ground_poseidon" frame="0" z_index="1" m_a="0.071726" m_b="0.997424" m_c="-0.997424" m_d="0.071726" m_tx="174.860458" m_ty="-187.174408"/>
  </frame>
  <frame idx="1675" w="401" h="382" x="-358.617828" y="-97.167351">
   <element name="symbol0" layername="ground_poseidon" frame="0" z_index="1" m_a="0.071726" m_b="0.997424" m_c="-0.997424" m_d="0.071726" m_tx="174.860458" m_ty="-187.436035"/>
  </frame>
  <frame idx="1700" w="401" h="383" x="-358.617828" y="-97.428978">
   <element name="symbol0" layername="ground_poseidon" frame="0" z_index="1" m_a="0.071726" m_b="0.997424" m_c="-0.997424" m_d="0.071726" m_tx="174.860458" m_ty="-187.697662"/>
  </frame>
  <frame idx="1725" w="401" h="383" x="-358.617828" y="-97.690605">
   <element name="symbol0" layername="ground_poseidon" frame="0" z_index="1" m_a="0.071726" m_b="0.997424" m_c="-0.997424" m_d="0.071726" m_tx="174.860458" m_ty="-187.959290"/>
  </frame>
  <frame idx="1750" w="401" h="383" x="-358.617828" y="-97.952232">
   <element name="symbol0" layername="ground_poseidon" frame="0" z_index="1" m_a="0.071726" m_b="0.997424" m_c="-0.997424" m_d="0.071726" m_tx="174.860458" m_ty="-188.220917"/>
  </frame>
  <frame idx="1775" w="401" h="383" x="-358.617828" y="-98.213875">
   <element name="symbol0" layername="ground_poseidon" frame="0" z_index="1" m_a="0.071726" m_b="0.997424" m_c="-0.997424" m_d="0.071726" m_tx="174.860458" m_ty="-188.482559"/>
  </frame>
  <frame idx="1800" w="401" h="384" x="-358.617828" y="-98.475502">
   <element name="symbol0" layername="ground_poseidon" frame="0" z_index="1" m_a="0.071726" m_b="0.997424" m_c="-0.997424" m_d="0.071726" m_tx="174.860458" m_ty="-188.744186"/>
  </frame>
  <frame idx="1825" w="401" h="384" x="-358.617828" y="-98.737129">
   <element name="symbol0" layername="ground_poseidon" frame="0" z_index="1" m_a="0.071726" m_b="0.997424" m_c="-0.997424" m_d="0.071726" m_tx="174.860458" m_ty="-189.005814"/>
  </frame>
  <frame idx="1850" w="401" h="384" x="-358.617828" y="-98.998756">
   <element name="symbol0" layername="ground_poseidon" frame="0" z_index="1" m_a="0.071726" m_b="0.997424" m_c="-0.997424" m_d="0.071726" m_tx="174.860458" m_ty="-189.267441"/>
  </frame>
  <frame idx="1875" w="401" h="384" x="-358.617828" y="-99.260384">
   <element name="symbol0" layername="ground_poseidon" frame="0" z_index="1" m_a="0.071726" m_b="0.997424" m_c="-0.997424" m_d="0.071726" m_tx="174.860458" m_ty="-189.529068"/>
  </frame>
  <frame idx="1900" w="401" h="386" x="-358.617828" y="-100.022011">
   <element name="symbol0" layername="ground_poseidon" frame="0" z_index="1" m_a="0.071726" m_b="0.997424" m_c="-0.997424" m_d="0.071726" m_tx="174.860458" m_ty="-189.790695"/>
  </frame>
  <frame idx="1925" w="401" h="386" x="-358.617828" y="-100.283638">
   <element name="symbol0" layername="ground_poseidon" frame="0" z_index="1" m_a="0.071726" m_b="0.997424" m_c="-0.997424" m_d="0.071726" m_tx="174.860458" m_ty="-190.052322"/>
  </frame>
  <frame idx="1950" w="401" h="386" x="-358.617828" y="-100.545265">
   <element name="symbol0" layername="ground_poseidon" frame="0" z_index="1" m_a="0.071726" m_b="0.997424" m_c="-0.997424" m_d="0.071726" m_tx="174.860458" m_ty="-190.313950"/>
  </frame>
  <frame idx="1975" w="401" h="387" x="-358.617828" y="-100.806892">
   <element name="symbol0" layername="ground_poseidon" frame="0" z_index="1" m_a="0.071726" m_b="0.997424" m_c="-0.997424" m_d="0.071726" m_tx="174.860458" m_ty="-190.575577"/>
  </frame>
 </anim>
</Anims>
