<Anims>
 <anim name="BUILD" root="swap_skullspear" numframes="1000" framerate="40">
  <frame idx="0" w="288" h="539" x="-1.275349" y="-181.127274">
   <element name="swap_skullspear" layername="swap_skullspear" frame="0" z_index="1" m_a="1.000000" m_b="0.000000" m_c="0.000000" m_d="1.000000" m_tx="6.588971" m_ty="-45.963085"/>
  </frame>
  <frame idx="25" w="288" h="539" x="-1.275349" y="-181.127274">
   <element name="swap_skullspear" layername="swap_skullspear" frame="0" z_index="1" m_a="1.000000" m_b="0.000000" m_c="0.000000" m_d="1.000000" m_tx="6.588971" m_ty="-45.963085"/>
  </frame>
  <frame idx="50" w="288" h="539" x="-1.275349" y="-181.127274">
   <element name="swap_skullspear" layername="swap_skullspear" frame="0" z_index="1" m_a="1.000000" m_b="0.000000" m_c="0.000000" m_d="1.000000" m_tx="6.588971" m_ty="-45.963085"/>
  </frame>
  <frame idx="75" w="288" h="539" x="-1.275349" y="-181.127274">
   <element name="swap_skullspear" layername="swap_skullspear" frame="0" z_index="1" m_a="1.000000" m_b="0.000000" m_c="0.000000" m_d="1.000000" m_tx="6.588971" m_ty="-45.963085"/>
  </frame>
  <frame idx="100" w="288" h="539" x="-1.275349" y="-181.127274">
   <element name="swap_skullspear" layername="swap_skullspear" frame="0" z_index="1" m_a="1.000000" m_b="0.000000" m_c="0.000000" m_d="1.000000" m_tx="6.588971" m_ty="-45.963085"/>
  </frame>
  <frame idx="125" w="288" h="539" x="-1.275349" y="-181.127274">
   <element name="swap_skullspear" layername="swap_skullspear" frame="0" z_index="1" m_a="1.000000" m_b="0.000000" m_c="0.000000" m_d="1.000000" m_tx="6.588971" m_ty="-45.963085"/>
  </frame>
  <frame idx="150" w="288" h="539" x="-1.275349" y="-181.127274">
   <element name="swap_skullspear" layername="swap_skullspear" frame="0" z_index="1" m_a="1.000000" m_b="0.000000" m_c="0.000000" m_d="1.000000" m_tx="6.588971" m_ty="-45.963085"/>
  </frame>
  <frame idx="175" w="288" h="539" x="-1.275349" y="-181.127274">
   <element name="swap_skullspear" layername="swap_skullspear" frame="0" z_index="1" m_a="1.000000" m_b="0.000000" m_c="0.000000" m_d="1.000000" m_tx="6.588971" m_ty="-45.963085"/>
  </frame>
  <frame idx="200" w="288" h="539" x="-1.275349" y="-181.127274">
   <element name="swap_skullspear" layername="swap_skullspear" frame="0" z_index="1" m_a="1.000000" m_b="0.000000" m_c="0.000000" m_d="1.000000" m_tx="6.588971" m_ty="-45.963085"/>
  </frame>
  <frame idx="225" w="288" h="539" x="-1.275349" y="-181.127274">
   <element name="swap_skullspear" layername="swap_skullspear" frame="0" z_index="1" m_a="1.000000" m_b="0.000000" m_c="0.000000" m_d="1.000000" m_tx="6.588971" m_ty="-45.963085"/>
  </frame>
  <frame idx="250" w="288" h="539" x="-1.275349" y="-181.127274">
   <element name="swap_skullspear" layername="swap_skullspear" frame="0" z_index="1" m_a="1.000000" m_b="0.000000" m_c="0.000000" m_d="1.000000" m_tx="6.588971" m_ty="-45.963085"/>
  </frame>
  <frame idx="275" w="288" h="539" x="-1.275349" y="-181.127274">
   <element name="swap_skullspear" layername="swap_skullspear" frame="0" z_index="1" m_a="1.000000" m_b="0.000000" m_c="0.000000" m_d="1.000000" m_tx="6.588971" m_ty="-45.963085"/>
  </frame>
  <frame idx="300" w="288" h="539" x="-1.275349" y="-181.127274">
   <element name="swap_skullspear" layername="swap_skullspear" frame="0" z_index="1" m_a="1.000000" m_b="0.000000" m_c="0.000000" m_d="1.000000" m_tx="6.588971" m_ty="-45.963085"/>
  </frame>
  <frame idx="325" w="288" h="539" x="-1.275349" y="-181.127274">
   <element name="swap_skullspear" layername="swap_skullspear" frame="0" z_index="1" m_a="1.000000" m_b="0.000000" m_c="0.000000" m_d="1.000000" m_tx="6.588971" m_ty="-45.963085"/>
  </frame>
  <frame idx="350" w="288" h="539" x="-1.275349" y="-181.127274">
   <element name="swap_skullspear" layername="swap_skullspear" frame="0" z_index="1" m_a="1.000000" m_b="0.000000" m_c="0.000000" m_d="1.000000" m_tx="6.588971" m_ty="-45.963085"/>
  </frame>
  <frame idx="375" w="288" h="539" x="-1.275349" y="-181.127274">
   <element name="swap_skullspear" layername="swap_skullspear" frame="0" z_index="1" m_a="1.000000" m_b="0.000000" m_c="0.000000" m_d="1.000000" m_tx="6.588971" m_ty="-45.963085"/>
  </frame>
  <frame idx="400" w="288" h="539" x="-1.275349" y="-181.127274">
   <element name="swap_skullspear" layername="swap_skullspear" frame="0" z_index="1" m_a="1.000000" m_b="0.000000" m_c="0.000000" m_d="1.000000" m_tx="6.588971" m_ty="-45.963085"/>
  </frame>
  <frame idx="425" w="288" h="539" x="-1.275349" y="-181.127274">
   <element name="swap_skullspear" layername="swap_skullspear" frame="0" z_index="1" m_a="1.000000" m_b="0.000000" m_c="0.000000" m_d="1.000000" m_tx="6.588971" m_ty="-45.963085"/>
  </frame>
  <frame idx="450" w="288" h="539" x="-1.275349" y="-181.127274">
   <element name="swap_skullspear" layername="swap_skullspear" frame="0" z_index="1" m_a="1.000000" m_b="0.000000" m_c="0.000000" m_d="1.000000" m_tx="6.588971" m_ty="-45.963085"/>
  </frame>
  <frame idx="475" w="288" h="539" x="-1.275349" y="-181.127274">
   <element name="swap_skullspear" layername="swap_skullspear" frame="0" z_index="1" m_a="1.000000" m_b="0.000000" m_c="0.000000" m_d="1.000000" m_tx="6.588971" m_ty="-45.963085"/>
  </frame>
  <frame idx="500" w="288" h="539" x="-1.275349" y="-181.127274">
   <element name="swap_skullspear" layername="swap_skullspear" frame="0" z_index="1" m_a="1.000000" m_b="0.000000" m_c="0.000000" m_d="1.000000" m_tx="6.588971" m_ty="-45.963085"/>
  </frame>
  <frame idx="525" w="288" h="539" x="-1.275349" y="-181.127274">
   <element name="swap_skullspear" layername="swap_skullspear" frame="0" z_index="1" m_a="1.000000" m_b="0.000000" m_c="0.000000" m_d="1.000000" m_tx="6.588971" m_ty="-45.963085"/>
  </frame>
  <frame idx="550" w="288" h="539" x="-1.275349" y="-181.127274">
   <element name="swap_skullspear" layername="swap_skullspear" frame="0" z_index="1" m_a="1.000000" m_b="0.000000" m_c="0.000000" m_d="1.000000" m_tx="6.588971" m_ty="-45.963085"/>
  </frame>
  <frame idx="575" w="288" h="539" x="-1.275349" y="-181.127274">
   <element name="swap_skullspear" layername="swap_skullspear" frame="0" z_index="1" m_a="1.000000" m_b="0.000000" m_c="0.000000" m_d="1.000000" m_tx="6.588971" m_ty="-45.963085"/>
  </frame>
  <frame idx="600" w="288" h="539" x="-1.275349" y="-181.127274">
   <element name="swap_skullspear" layername="swap_skullspear" frame="0" z_index="1" m_a="1.000000" m_b="0.000000" m_c="0.000000" m_d="1.000000" m_tx="6.588971" m_ty="-45.963085"/>
  </frame>
  <frame idx="625" w="288" h="539" x="-1.275349" y="-181.127274">
   <element name="swap_skullspear" layername="swap_skullspear" frame="0" z_index="1" m_a="1.000000" m_b="0.000000" m_c="0.000000" m_d="1.000000" m_tx="6.588971" m_ty="-45.963085"/>
  </frame>
  <frame idx="650" w="288" h="539" x="-1.275349" y="-181.127274">
   <element name="swap_skullspear" layername="swap_skullspear" frame="0" z_index="1" m_a="1.000000" m_b="0.000000" m_c="0.000000" m_d="1.000000" m_tx="6.588971" m_ty="-45.963085"/>
  </frame>
  <frame idx="675" w="288" h="539" x="-1.275349" y="-181.127274">
   <element name="swap_skullspear" layername="swap_skullspear" frame="0" z_index="1" m_a="1.000000" m_b="0.000000" m_c="0.000000" m_d="1.000000" m_tx="6.588971" m_ty="-45.963085"/>
  </frame>
  <frame idx="700" w="288" h="539" x="-1.275349" y="-181.127274">
   <element name="swap_skullspear" layername="swap_skullspear" frame="0" z_index="1" m_a="1.000000" m_b="0.000000" m_c="0.000000" m_d="1.000000" m_tx="6.588971" m_ty="-45.963085"/>
  </frame>
  <frame idx="725" w="288" h="539" x="-1.275349" y="-181.127274">
   <element name="swap_skullspear" layername="swap_skullspear" frame="0" z_index="1" m_a="1.000000" m_b="0.000000" m_c="0.000000" m_d="1.000000" m_tx="6.588971" m_ty="-45.963085"/>
  </frame>
  <frame idx="750" w="288" h="539" x="-1.275349" y="-181.127274">
   <element name="swap_skullspear" layername="swap_skullspear" frame="0" z_index="1" m_a="1.000000" m_b="0.000000" m_c="0.000000" m_d="1.000000" m_tx="6.588971" m_ty="-45.963085"/>
  </frame>
  <frame idx="775" w="288" h="539" x="-1.275349" y="-181.127274">
   <element name="swap_skullspear" layername="swap_skullspear" frame="0" z_index="1" m_a="1.000000" m_b="0.000000" m_c="0.000000" m_d="1.000000" m_tx="6.588971" m_ty="-45.963085"/>
  </frame>
  <frame idx="800" w="288" h="539" x="-1.275349" y="-181.127274">
   <element name="swap_skullspear" layername="swap_skullspear" frame="0" z_index="1" m_a="1.000000" m_b="0.000000" m_c="0.000000" m_d="1.000000" m_tx="6.588971" m_ty="-45.963085"/>
  </frame>
  <frame idx="825" w="288" h="539" x="-1.275349" y="-181.127274">
   <element name="swap_skullspear" layername="swap_skullspear" frame="0" z_index="1" m_a="1.000000" m_b="0.000000" m_c="0.000000" m_d="1.000000" m_tx="6.588971" m_ty="-45.963085"/>
  </frame>
  <frame idx="850" w="288" h="539" x="-1.275349" y="-181.127274">
   <element name="swap_skullspear" layername="swap_skullspear" frame="0" z_index="1" m_a="1.000000" m_b="0.000000" m_c="0.000000" m_d="1.000000" m_tx="6.588971" m_ty="-45.963085"/>
  </frame>
  <frame idx="875" w="288" h="539" x="-1.275349" y="-181.127274">
   <element name="swap_skullspear" layername="swap_skullspear" frame="0" z_index="1" m_a="1.000000" m_b="0.000000" m_c="0.000000" m_d="1.000000" m_tx="6.588971" m_ty="-45.963085"/>
  </frame>
  <frame idx="900" w="288" h="539" x="-1.275349" y="-181.127274">
   <element name="swap_skullspear" layername="swap_skullspear" frame="0" z_index="1" m_a="1.000000" m_b="0.000000" m_c="0.000000" m_d="1.000000" m_tx="6.588971" m_ty="-45.963085"/>
  </frame>
  <frame idx="925" w="288" h="539" x="-1.275349" y="-181.127274">
   <element name="swap_skullspear" layername="swap_skullspear" frame="0" z_index="1" m_a="1.000000" m_b="0.000000" m_c="0.000000" m_d="1.000000" m_tx="6.588971" m_ty="-45.963085"/>
  </frame>
  <frame idx="950" w="288" h="539" x="-1.275349" y="-181.127274">
   <element name="swap_skullspear" layername="swap_skullspear" frame="0" z_index="1" m_a="1.000000" m_b="0.000000" m_c="0.000000" m_d="1.000000" m_tx="6.588971" m_ty="-45.963085"/>
  </frame>
  <frame idx="975" w="288" h="539" x="-1.275349" y="-181.127274">
   <element name="swap_skullspear" layername="swap_skullspear" frame="0" z_index="1" m_a="1.000000" m_b="0.000000" m_c="0.000000" m_d="1.000000" m_tx="6.588971" m_ty="-45.963085"/>
  </frame>
 </anim>
</Anims>
